{
  "project_info": {
    "project_number": "905099687876",
    "firebase_url": "https://agilevms-a3ef0.firebaseio.com",
    "project_id": "agilevms-a3ef0",
    "storage_bucket": "agilevms-a3ef0.appspot.com"
  },
  "client": [
    {
      "client_info": {
        "mobilesdk_app_id": "1:905099687876:android:15f8241e5363273d",
        "android_client_info": {
          "package_name": "com.agile.agilevisitor"
        }
      },
      "oauth_client": [
        {
          "client_id": "905099687876-jgu60mcvi1s33a9k78oh7qve5bjkq7j3.apps.googleusercontent.com",
          "client_type": 1,
          "android_info": {
            "package_name": "com.agile.agilevisitor",
            "certificate_hash": "52a6ac72928bfcf13f37490e2bf2f49f947062dd"
          }
        },
        {
          "client_id": "905099687876-ddk3m37qfktckrd3r4dumqtn5jdkudgc.apps.googleusercontent.com",
          "client_type": 3
        }
      ],
      "api_key": [
        {
          "current_key": "AIzaSyDQR-UcoQXOFHUI0sNcsLV7FZssTdpEVIU"
        }
      ],
      "services": {
        "appinvite_service": {
          "other_platform_oauth_client": [
            {
              "client_id": "905099687876-ddk3m37qfktckrd3r4dumqtn5jdkudgc.apps.googleusercontent.com",
              "client_type": 3
            }
          ]
        }
      }
    }
  ],
  "configuration_version": "1"
}